﻿<?xml version="1.0" encoding="utf-8"?>
<SqlServerConnectSettings xmlns:xsi="http://www.w3.org/2001/XMLSchema-instance" xmlns:xsd="http://www.w3.org/2001/XMLSchema">
<Coupler>
  <InstanceName>CP-DB01</InstanceName>
  <DatabaseName>COUPLER</DatabaseName>
  <UserID>cpuser</UserID>
  <Password>Sqladmin#39</Password>
</Coupler>
<CouplerCT>
  <InstanceName>TCCSV</InstanceName>
  <DatabaseName>COUPLER</DatabaseName>
  <UserID>SA</UserID>
  <Password>07883510</Password>
</CouplerCT>
<Charlie>
  <InstanceName>SQLSV</InstanceName>
  <DatabaseName>CharlieDB</DatabaseName>
  <UserID>web</UserID>
  <Password>02035612</Password>
</Charlie>
<CharlieCT>
  <InstanceName>SQLSV2</InstanceName>
  <DatabaseName>CharlieDB</DatabaseName>
  <UserID>web</UserID>
  <Password>02035612</Password>
</CharlieCT>
<Junp>
  <InstanceName>SQLSV</InstanceName>
  <DatabaseName>JunpDB</DatabaseName>
  <UserID>web</UserID>
  <Password>02035612</Password>
</Junp>
<JunpCT>
  <InstanceName>SQLSV2</InstanceName>
  <DatabaseName>JunpDB</DatabaseName>
  <UserID>web</UserID>
  <Password>02035612</Password>
</JunpCT>
</SqlServerConnectSettings>